Q,A,A_model
Que pessoas jurídicas estão desobrigadas de apresentar a ECF?,"Estão desobrigadas de apresentar a ECF: I - as pessoas jurídicas optantes pelo Regime Especial Unificado de Arrecadação de Tributos e Contribuições devidos pelas Microempresas e Empresas de Pequeno Porte, instituído pela Lei Complementar nº 123, de 14 de dezembro de 2006 (Simples Nacional), por estarem obrigadas à apresentação de Declaração Anual do Simples Nacional - DASN; II - os órgãos públicos, as autarquias e as fundações públicas; e III - as pessoas jurídicas inativas, assim consideradas aquelas que não tenham efetuado qualquer atividade operacional, não operacional, patrimonial ou financeira, inclusive aplicação no mercado financeiro ou de capitais, durante todo o ano-calendário, as quais deverão cumprir as obrigações acessórias previstas na legislação específica.","As pessoas jurídicas desobrigadas de apresentar a ECF são:

* As pessoas jurídicas optantes pelo Regime Especial Unificado de Arrecadação de Tributos e Contribuições devidos pelas Microempresas e Empresas de Pequeno Porte (Simples Nacional);
* Os órgãos públicos, as autarquias e as fundações públicas;
* As pessoas jurídicas inativas."
Quais os efeitos tributários no caso de a ECF retificadora apresentar valores a  título de IRPJ e de CSLL diferentes daqueles inicialmente apresentados na ECF  retificada?,"Quando a retificação da ECF apresentar imposto maior que o da ECF retificada, a diferença apurada será devida com os acréscimos correspondentes. Quando a retificação da ECF apresentar imposto menor que o da ECF retificada, a diferença apurada, desde que paga, poderá ser compensada ou restituída. Sobre o montante a ser compensado ou restituído incidirão juros equivalentes à taxa referencial do Sistema Especial de Liquidação e Custódia (Selic), acumulados até o mês anterior ao da restituição ou compensação, adicionado de 1% (um por cento) no mês da restituição ou compensação.","Nesse caso, não há efeitos tributários, pois a ECF retificadora apresenta valores diferentes daqueles inicialmente apresentados, mas não há menção a restituição ou compensação de tributo administrado pela RFB."
A isenção do IRPJ depende de prévio reconhecimento pela Secretaria Especial da  Receita Federal do Brasil?,Não. O benefício da isenção do IRPJ independe do prévio reconhecimento pela Secretaria Especial da Receita Federal do Brasil.,"Sim, a isenção do IRPJ depende de prévio reconhecimento pela Secretaria Especial da Receita Federal do Brasil."
Quais as hipóteses em que a pessoa física é equiparada à pessoa jurídica?,"Para os efeitos do imposto de renda, as pessoas físicas caracterizadas como empresa individual estão equiparadas à pessoa jurídica. A legislação do imposto de renda caracteriza como empresa individual a pessoa física que: a) em nome individual, explorem, habitual e profissionalmente, qualquer atividade econômica de natureza civil ou comercial, com o fim especulativo de lucro, mediante venda a terceiro de bens ou serviços, quer se encontrem regularmente inscritas ou não junto ao órgão do Registro de Comércio ou Registro Civil; b) promoverem a incorporação de prédios em condomínio ou loteamento de terrenos.","As hipóteses em que a pessoa física é equiparada à pessoa jurídica são:

* Os empresários constituídos na forma estabelecida no art. 966 ao art. 969 da Lei nº 10.406, de 2002 - Código Civil;
* As pessoas físicas que, em nome individual, explorem, habitual e profissionalmente, qualquer atividade econômica de natureza civil ou comercial, com o fim especulativo de lucro, por meio da venda a terceiros de bens ou serviços;
* As pessoas físicas que promovam a incorporação de prédios em condomínio ou loteamento de terrenos, nos termos estabelecidos na Seção II deste Capítulo."
Os condôminos na propriedade de imóveis estão sujeitos à equiparação como  pessoa jurídica?,"Os condomínios na propriedade de imóveis não são considerados sociedades em comum (antiga sociedade de fato), ainda que deles também façam parte pessoas jurídicas. Assim, a cada condômino pessoa física serão aplicados os critérios de caracterização da empresa individual e demais dispositivo legais, como se ele fosse o único titular da operação imobiliária, nos limites da sua participação.",Não.
Em que data se considera ocorrida a aquisição ou alienação e quais as condições  para que seja aceita?,"Considera-se data da aquisição ou alienação aquela em que for celebrado o contrato inicial, ainda que mediante instrumento particular. Caso a transmissão se opere por meio de instrumento particular, a data de aquisição ou alienação constante no respectivo instrumento, se favorável aos interesses da pessoa física, somente será aceita pela autoridade fiscal quando atendida pelo menos uma das seguintes condições: a) o instrumento particular tiver sido registrado no Cartório do Registro Imobiliário, ou no de Títulos e Documentos, no prazo de 30 (trinta) dias, contados da data nele constante; b) houver conformidade com cheque nominativo pago dentro do prazo de 30 (trinta) dias, contados da data do instrumento; c) houver conformidade com lançamentos contábeis da pessoa jurídica, atendidos os preceitos para escrituração em vigor; d) houver menção expressa da operação nas declarações de bens da parte interessada, apresentadas tempestivamente à repartição competente, juntamente com as declarações de rendimentos. 47","A data de aquisição ou alienação é aquela em que for celebrado o contrato inicial da operação imobiliária correspondente, ainda que por meio de instrumento particular."
"Qual o quantitativo de operações imobiliárias necessário para equiparação de  pessoa física à pessoa jurídica, determinando o início da tributação como pessoa  jurídica?","A equiparação que leva em conta o quantitativo de unidades imobiliárias ocorre quando o proprietário ou titular de terreno, sem efetuar o arquivamento dos documentos de incorporação no Registro de Imóveis, promover a construção de prédio com mais de 2 (duas) unidades imobiliárias, ou realizar loteamento. Tal equiparação se dará a partir da alienação da primeira unidade imobiliária ou do primeiro lote antes de decorrido o prazo de 60 (sessenta) meses contados da averbação, no Registro Imobiliário, da construção do prédio ou da aceitação das obras de loteamento. Para terrenos adquiridos até 30 de junho de 1977 o prazo é de 36 (trinta e seis) meses.","A construção de prédio com mais de duas unidades imobiliárias ou a execução de loteamento é necessário para equiparação de pessoa física à pessoa jurídica, determinando o início da tributação como pessoa jurídica."
"Em caso de alteração das normas em vigor que disciplinam a prática de  operações imobiliárias por pessoas físicas, qual a legislação que deverá  prevalecer?","Ocorrendo alteração da legislação, a equiparação será determinada de acordo com as normas legais e regulamentares em vigor na data do instrumento inicial de alienação das unidades imobiliárias ou lotes de terreno (nos casos de incorporações ou loteamentos irregulares), ou do arquivamento dos documentos da incorporação ou do loteamento, quando regulares. A posterior alteração dessas normas não atingirá as operações imobiliárias já realizadas nem os empreendimentos cuja documentação já tenha sido arquivada no Registro Imobiliário.","As alterações posteriores das normas não atingirão as operações imobiliárias já realizadas, portanto, a legislação que prevalecerá é a vigente na data da realização da operação imobiliária."
O lucro apurado periodicamente pela pessoa física equiparada à pessoa jurídica  em razão de operações com imóveis pode ser mantido como lucros suspensos  na escrituração da pessoa jurídica?,"Não. Esse lucro, após a dedução da provisão para pagamento do IRPJ, sempre será considerado como automaticamente distribuído no período de apuração em que for apurado.","Sim, o lucro apurado periodicamente pela pessoa física equiparada à empresa individual em razão de operações imobiliárias pode ser mantido como lucros suspensos na escrituração da pessoa jurídica."
Quando se considera ocorrido o término da equiparação caso a pessoa jurídica  não efetue nenhuma alienação das unidades imobiliárias ou lotes de terreno?,"A pessoa física que, após sua equiparação à pessoa jurídica, não promover nenhum dos empreendimentos nem efetuar nenhuma das alienações de unidades imobiliárias ou lotes de terrenos, durante o prazo de 36 (trinta e seis) meses consecutivos, deixará de ser considerada equiparada a partir do término deste prazo, salvo quanto aos efeitos tributários das operações em andamento que terão o tratamento previsto no art. 177, § 1º, do RIR/2018.",A partir do término do prazo de trinta e seis meses consecutivos.
"Qual o destino a ser dado aos imóveis integrantes do ativo (patrimônio) da  empresa individual quando, completado o prazo de 36 (trinta e seis) meses  consecutivos sem promover incorporações ou loteamentos, ocorrer o término  da equiparação à pessoa jurídica?","Permanecerão no ativo da empresa individual, para efeito de tributação como lucro da pessoa jurídica: a) as unidades imobiliárias e os lotes de terrenos integrantes de incorporações ou loteamentos, até sua alienação e, após esta, o saldo a receber, até o recebimento total do preço; b) o saldo a receber do preço dos imóveis então alienados, até seu recebimento total.",Os imóveis integrantes do ativo da empresa individual devem ser alienados e o preço recebido total.
Como determinar o capital da empresa individual no caso de pessoa física  equiparada por prática de operações imobiliárias?,"O capital da empresa individual, no início de cada período de apuração (trimestral ou anual), será representado pela soma dos valores dos imóveis constantes do seu ativo com os valores a receber relativos ao custo dos imóveis já vendidos em períodos de apuração anteriores.","O capital da empresa individual no caso de pessoa física equiparada por prática de operações imobiliárias é constituído pelos recursos efetivamente investidos, em qualquer época, pela pessoa física titular da empresa individual, nos imóveis a que se refere o parágrafo anterior, bem como a correção monetária nela prevista."
O que é cisão de uma sociedade?,"A cisão é a operação pela qual a sociedade transfere todo ou somente uma parcela do seu patrimônio para uma ou mais sociedades, constituídas para esse fim ou já existentes, extinguindo-se a sociedade cindida, se houver versão de todo o seu patrimônio, ou dividindo-se o seu capital, se parcial a versão.","A cisão é a operação pela qual a companhia transfere parcelas do seu patrimônio para uma ou mais sociedades, constituídas para esse fim ou já existentes, extinguindo-se a companhia cindida, se houver versão de todo o seu patrimônio, ou dividindo-se o seu capital, se parcial a versão."
Como proceder com relação à sociedade cindida?,"Efetivada a cisão com extinção da sociedade cindida, caberá aos administradores das sociedades que tiverem absorvido parcelas do seu patrimônio promover o arquivamento e a publicação dos atos da operação. Na cisão com versão parcial do patrimônio esta obrigação caberá aos administradores da companhia cindida e da que absorver parcela do seu patrimônio.","Quando ocorre a cisão, a sociedade cindida transfere parcelas do seu patrimônio para uma ou mais sociedades, extinguindo-se a companhia cindida se houver versão de todo o seu patrimônio, ou dividindo-se o seu capital se parcial a versão."
Quais são os contribuintes do imposto de renda da pessoa jurídica?,"São contribuintes e, portanto, estão sujeitas ao pagamento do imposto de renda da pessoa jurídica as pessoas jurídicas e as pessoas físicas a elas equiparadas, domiciliadas no País.","As entidades que são contribuintes do imposto de renda da pessoa jurídica são:

* Pessoas jurídicas, a que se refere o Capítulo I do Título;
* Empresas individuais, a que se refere o Capítulo II do Título;
* Entidades submetidas aos regimes de liquidação extrajudicial e de falência;
* Empresas públicas e sociedades de economia mista e suas subsidiárias;
* Sociedades cooperativas de consumo que tenham por objeto a compra e o fornecimento de bens aos consumidores;
* Fundo de investimento imobiliário."
O que são “despesas incorridas”?,"Despesas incorridas são aquelas de competência do período de apuração, relativas a bens empregados ou a serviços consumidos nas transações ou operações exigidas pela atividade da empresa, tenham sido pagas ou não. De acordo com o PN CST nº 58, de 1977, a obrigação de pagar determinada despesa (enquadrável como operacional) nasce quando, em face da relação jurídica que lhe deu causa, já se verificaram todos os pressupostos materiais que a tornaram incondicional, vale dizer, exigível independentemente de qualquer prestação por parte do respectivo credor. Despesas incorridas são, portanto, aquelas decorrentes de bens empregados ou de serviços consumidos nas transações ou operações exigidas pela atividade da empresa, em relação às quais já tenha nascido a obrigação correspondente, ainda que o respectivo pagamento venha a ocorrer em período subsequente.","São despesas que, embora a obrigação correspondente tenha nascido, o momento ajustado para pagá-las, ou seu vencimento, ou outra circunstância qualquer, determinam que o respectivo pagamento venha a ocorrer em exercício subseqüente."
Quais são os gastos com a implantação de uma indústria que deverão ser  considerados como “despesas pré-operacionais”?,"Todas as despesas necessárias à organização e implantação ou ampliação de empresas, inclusive aquelas de cunho administrativo, pagas ou incorridas até o início de suas operações ou plena utilização das instalações, são pré-operacionais ou pré-industriais. A empresa deverá imobilizar as aquisições de bens e direitos, classificáveis no ativo permanente, e lançar em despesas pré-operacionais as despesas, respeitando, sempre, as condições gerais de dedutibilidade e os limites estabelecidos pela legislação tributária, já que estes limites são válidos tanto para as despesas operacionais quanto para as pré-operacionais.","As despesas necessárias à organização administrativa da sociedade, bem como à execução de serviços correlatos, paralelamente às relacionadas com atividades específicas de implantação da fábrica, são consideradas despesas pré-operacionais."
Como as empresas não imobiliárias devem classificar a conta representativa de  “construções em andamento”?,"Para as empresas que não explorem a atividade imobiliária, as aplicações que representem construções em andamento devem ser classificadas em conta do ativo permanente (imobilizado). No caso de empreendimento que envolva a construção de bens de naturezas diversas, a empresa deverá fazer a distribuição contábil dos acréscimos de maneira a permitir, ao término da construção, a correta identificação de cada bem, segundo sua natureza e as taxas anuais de depreciação a eles aplicáveis.","As empresas não imobiliárias devem classificar a conta representativa de ""construções em andamento"" como imobilizada."
Como deverão ser tratados os reajustes posteriores à época do recebimento do  bem adquirido por meio de consórcio?,"As variações do saldo devedor que ocorrerem no futuro, decorrentes da modificação no valor das prestações, serão refletidas nas contas que registram a obrigação, sendo sua contrapartida considerada como variação monetária passiva (ou ativa).","As variações do saldo devedor que vierem a se verificar no futuro, decorrentes de modificação no valor das prestações, serão refletidas na conta que registra a obrigação; estas variações terão o mesmo tratamento, ou seja, serão consideradas como variação monetária ativa ou passiva."
"Quando devem ser baixados os bens obsoletos, constantes do Ativo Imobilizado  da pessoa jurídica?","Quaisquer bens constantes do ativo imobilizado da pessoa jurídica, quer estejam totalmente depreciados ou não, somente podem ser baixados da contabilidade e do controle patrimonial concomitantemente à efetiva baixa física do bem.","Os bens obsoletos constantes do Ativo Imobilizado devem ser baixados quando se tornarem imprestáveis, seja em virtude de obsolescência normal ou excepcional, ou de ocorrência de caso fortuito ou de força maior."
"Quais as alíquotas aplicáveis sobre o lucro, para determinar o imposto de renda  devido pela pessoa jurídica em cada período de apuração?","A partir do ano-calendário de 1996, as pessoas jurídicas, independentemente da forma de constituição e da natureza da atividade exercida, passaram a pagar o imposto de renda à alíquota de quinze por cento, incidente sobre a base de cálculo apurada na forma do lucro real, presumido ou arbitrado.","A alíquota do imposto de renda das pessoas jurídicas é de quinze por cento. A parcela do lucro real, presumido ou arbitrado, que exceder o valor resultante da multiplicação de R$ 20.000,00 pelo número de meses do respectivo período de apuração, sujeita-se à incidência de adicional de imposto de renda à alíquota de dez por cento."
Quando se considera devido o adicional do IRPJ e qual a alíquota aplicável no  seu cálculo?,"Sobre a parcela do lucro real, presumido ou arbitrado que exceder o valor resultante da multiplicação de R$ 20.000,00 (vinte mil reais) pelo número de meses do respectivo período de apuração, o adicional incidirá à alíquota de dez por cento. Aplica-se esse adicional, inclusive, na exploração da atividade rural e, também, nas hipóteses de incorporação, fusão e cisão.","O adicional do IRPJ é considerado devido quando a parcela da base de cálculo, apurada mensalmente, exceder R$ 20.000,00. A alíquota aplicável no seu cálculo é de 10%."
O que se deve considerar como ajustes de exercícios (períodos) anteriores?,"Como ajustes de exercícios (períodos) anteriores serão consideradas apenas as regularizações decorrentes de efeitos de mudança de critério contábil, ou de retificação de erro imputável a determinado período anterior, e que não possam ser atribuídas a fatos subsequentes.","Só serão considerados como ajustes de exercícios anteriores os decorrentes de efeitos da mudança de critério contábil, ou da retificação de erro imputável a determinado exercício anterior, e que não possam ser atribuídos a fatos subseqüentes."
O que são descontos incondicionais?,"Somente são consideradas, como descontos incondicionais, as parcelas redutoras do preço de vendas, quando constarem da nota fiscal de venda dos bens ou da fatura de serviços e não dependerem, para sua concessão, de evento posterior à emissão desses documentos.","Descontos incondicionais são parcelas redutoras do preço de venda, quando constarem da nota fiscal de venda dos bens ou da fatura de serviços e não dependerem de evento posterior à emissão desses documentos."
O que se considera sistema de contabilidade de custo integrado e coordenado  com o restante da escrituração?,"Considera-se sistema de contabilidade de custo integrado e coordenado com o restante da escrituração aquele: a) apoiado em valores originados da escrituração contábil (matéria-prima, mão-de-obra direta, custos gerais de fabricação); b) que permite a determinação contábil, ao fim de cada mês, do valor dos estoques de matérias-primas e outros materiais, produtos em elaboração e produtos acabados; c) apoiado em livros auxiliares, fichas, folhas contínuas, ou mapas de apropriação ou rateio, tidos em boa guarda e de registros coincidentes com aqueles constantes da escrituração principal; e d) que permita avaliar os estoques existentes na data de encerramento do período de apropriação de resultados de acordo com os custos efetivamente incorridos.","Sistema de contabilidade de custo integrado e coordenado com o restante da escrituração é aquele apoiado em valores originados da escrituração, que permita a determinação contábil do valor dos estoques, apoiado em livros auxiliares e registros coincidentes com a escrituração principal, e que permita avaliar os estoques existentes na data de encerramento do período de apropriação de resultados de acordo com os custos efetivamente incorridos."
"Podem ser consideradas, como custo ou despesa operacional, as aquisições, por  empresas que exploram serviços de hotelaria, restaurantes e similares, de  guarnições de cama, mesa e banho, e louças?","Sim. Poderá ser computado, como custo ou despesa operacional, o valor da aquisição de guarnições de cama, mesa e banho, e louça, utilizadas por empresas que exploram serviços de hotelaria, restaurantes e atividades similares.","Sim, podem ser consideradas como custo ou despesa operacional."
"Como deverão ser consideradas as diferenças decorrentes de alterações na taxa  de câmbio ocorridas entre a data do fechamento do contrato de câmbio e a data  de embarque, para efeito de registro da receita bruta de vendas nas exportações  de produtos manufaturados nacionais?","As diferenças decorrentes de alterações na taxa de câmbio ocorridas entre a data do fechamento do contrato de câmbio e a data do embarque devem ser consideradas como variações monetárias ativas ou passivas, conforme o caso.",Essas diferenças decorrentes de alteração na taxa de câmbio serão consideradas como variações monetárias passivas ou ativas.
"Em que consiste a exaustão, em termos contábeis?","Exaurir significa esgotar completamente. Em termos contábeis, a exaustão se relaciona com a perda de valor dos bens ou direitos do ativo, ao longo do tempo, decorrentes de sua exploração (extração ou aproveitamento).","A exaustão consiste na perda do valor, decorrente da sua exploração, de direitos cujo objeto sejam recursos minerais ou florestais, ou bens aplicados nessa exploração."
Como os direitos sujeitos à exaustão serão apresentados no balanço?,"No balanço, os direitos serão classificados no ativo imobilizado e deverão ser avaliados pelo custo de aquisição, deduzido do saldo da respectiva conta de exaustão acumulada.","Os direitos sujeitos à exaustão serão apresentados no balanço pelo custo de aquisição, deduzido do saldo da respectiva conta de exaustão."
Como deve proceder o contribuinte que deixou de contabilizar ou contabilizou  a menor o valor da provisão para o imposto sobre a renda?,"Deve, no curso do período de apuração seguinte, mediante lançamento de ajuste em contas próprias, com efeitos retroativos ao início do período de apuração, regularizar sua situação contábil pelo registro do valor da provisão (ou da diferença a menor apurada), a débito de conta do patrimônio líquido (prejuízos acumulados).","O contribuinte deve proceder à recontabilização da provisão para o imposto sobre a renda, contabilizando o valor correto, e apresentar as contas corretamente classificadas, seguindo os grupos estabelecidos nos §§ 1º e 2º do Art. 178."
As sociedades por ações poderão ter quantos conselheiros fiscais?,"O conselho fiscal será composto de, no mínimo, 3 (três), e no máximo, 5 (cinco) membros, e suplentes em igual número, acionistas ou não, eleitos pela assembleia- geral.","A sociedade por ações terá um conselho fiscal composto de, no mínimo, 3 (três) e, no máximo, 5 (cinco) membros."
"Existe a possibilidade de serem deduzidas, para fins do imposto de renda, as  perdas havidas na alienação de investimentos oriundos de incentivos fiscais?","Não. A legislação fiscal não admite a dedutibilidade, na apuração do lucro real, da perda de capital decorrente de alienação ou baixa de investimentos adquiridos mediante dedução do imposto de renda devido pela pessoa jurídica, como, por exemplo, os incentivos fiscais para o Finor, Finam e Funres. O valor da perda apurada contabilmente deverá ser adicionado ao lucro líquido, para fins de determinação do lucro real, no Lalur, Parte A.",Não.
Qual o tratamento tributário aplicável ao prejuízo fiscal apurado por Sociedade  em Conta de Participação (SCP)?,"O prejuízo fiscal apurado por Sociedade em Conta de Participação (SCP), somente poderá ser compensado com o lucro real decorrente da mesma SCP. É vedada a compensação de prejuízos fiscais e lucros entre duas ou mais SCP, ou entre estas e o sócio ostensivo.",O prejuízo fiscal apurado por Sociedade em Conta de Participação (SCP) somente pode ser compensado com o lucro real decorrente da mesma SCP.
"A pessoa jurídica que tiver prejuízo fiscal de períodos de apuração anteriores  devidamente apurado e controlado no Lalur, vindo a se submeter à tributação  utilizando-se de outra base que não a do lucro real, perderá o direito de  compensar este prejuízo?","O direito à compensação dos prejuízos fiscais, desde que estejam devidamente apurados e controlados na parte B do Lalur, somente poderá ser exercido quando a pessoa jurídica for tributada com base no lucro real, pois quando a forma de tributação for outra não há que se falar em apurar ou compensar prejuízos fiscais. Esse direito, entretanto, não será prejudicado ainda que o contribuinte possa, em algum período de apuração, ter sido tributado com base no lucro presumido ou arbitrado. Assim, no período-base em que retornar à tributação com base no lucro real poderá compensar o prejuízo fiscal constante no Lalur, Parte B, observada a legislação vigente à época da compensação.","Sim, perderá o direito de compensar este prejuízo."
A absorção na escrituração comercial de prejuízos contábeis impede a  compensação dos prejuízos fiscais?,"A absorção na escrituração comercial de prejuízos contábeis apurados mediante débito à conta de lucros acumulados, de reservas de lucros ou de capital, ao capital social, ou à conta de sócios, matriz ou titular de empresa individual, não impede a compensação dos prejuízos fiscais.","Sim, a absorção na escrituração comercial de prejuízos contábeis impede a compensação dos prejuízos fiscais."
"A pessoa jurídica que explora atividade rural e que tenha utilizado o benefício  fiscal da depreciação incentivada, ao mudar para o regime de tributação do lucro  presumido ou arbitrado deve adicionar à base de cálculo do imposto de renda o  saldo dessa depreciação?","Não. A reversão da depreciação incentivada que deve ser adicionado ao lucro líquido para determinação do lucro real e controlada na Parte B do e-Lalur e na Parte B do e- Lacs, não é a decorrente de tributação diferida, uma vez que a adição se impõe em virtude de anular os efeitos decorrentes da depreciação normal consignada na escrituração comercial da pessoa jurídica rural. No regime de tributação do lucro presumido ou arbitrado, prescinde-se da escrita regular, e, em consequência, não há o aludido efeito de depreciação normal a ser compensado pela adição.",Não.
Pessoa jurídica que retornar ao lucro real poderá fazer jus à depreciação  acelerada incentivada?,"Sim. Retornando à tributação com base no lucro real a pessoa jurídica deverá adicionar o encargo de depreciação normal registrado na escrituração comercial, relativo a bens já totalmente depreciados, ao resultado da atividade rural, efetuando a baixa do respectivo valor no saldo da depreciação incentivada controlado na Parte B do e-Lalur e do e-Lacs.",Não.
"Como deverá proceder a pessoa jurídica que explora atividade rural com  tributação pelo lucro real e, posteriormente, venha a optar pela tributação com  base no lucro presumido ou arbitrado, e vier a alienar o bem depreciado com o  incentivo fiscal?","A pessoa jurídica rural que tiver usufruído o benefício fiscal da depreciação acelerada incentivada, vindo, posteriormente, a ser tributada pelo lucro presumido ou arbitrado, caso aliene o bem depreciado com o incentivo durante a permanência nesses regimes, deverá adicionar à base de cálculo para determinação do lucro presumido ou arbitrado o saldo remanescente da depreciação não realizada.","A pessoa jurídica que explora atividade rural com tributação pelo lucro real e posteriormente vier a optar pela tributação com base no lucro presumido ou arbitrado, e vier a alienar o bem depreciado com o incentivo fiscal, não precisará adicionar o saldo remanescente da depreciação não realizada à base de cálculo para determinação do lucro presumido e do resultado presumido."
Poderá haver mudança da opção para o contribuinte que já efetuou o  recolhimento da primeira quota ou de quota única com base no lucro  presumido?,"Como regra, não há a possibilidade de mudança. A opção pela tributação com base no lucro presumido será definitiva em relação a todo o ano-calendário. Todavia, abre-se exceção quando ocorrer qualquer das hipóteses de arbitramento previstas na legislação tributária, situação em que a pessoa jurídica poderá, desde que conhecida a receita bruta, determinar o lucro tributável segundo as regras relativas ao regime de tributação com base no lucro arbitrado.",Não.
A pessoa jurídica que optar pelo lucro presumido poderá em algum período de  apuração trimestral ser tributada com base no lucro real?,"Sim. Na hipótese de haver pago o imposto com base no lucro presumido e, em relação ao mesmo ano-calendário, incorrer em situação de obrigatoriedade de apuração pelo lucro real por ter auferido lucros, rendimentos ou ganhos de capital oriundos do exterior, deverá apurar o IRPJ e a CSLL sob o regime de apuração pelo lucro real trimestral a partir, inclusive, do trimestre da ocorrência do fato. Tal situação também é possível de ocorrer na hipótese de exclusão do Refis de empresa incluída neste programa como sendo do lucro presumido, embora obrigada ao lucro real.","Sim, a pessoa jurídica que optar pelo lucro presumido poderá ser tributada com base no lucro real em algum período de apuração trimestral, desde que tenha auferido lucros, rendimentos ou ganhos de capital oriundos do exterior."
"Pessoa Jurídica que apresentou declaração com base no lucro presumido  poderá, após a entrega, pedir retificação para efeito de declarar pelo lucro real?","Após a entrega da declaração de informações com base no lucro presumido, não há mais como o contribuinte alterar a sua opção. Entretanto, será admitida a retificação da declaração quando o contribuinte comprovar ter exercido irregularmente a opção pelo lucro presumido, na hipótese em que a legislação fiscal expressamente torne obrigatória a sua tributação com base no lucro real; ou, ainda, quando for constatado tal fato por meio de procedimento de ofício, o qual poderá adotar a tributação com base no lucro real quando exigido por lei, ou o lucro arbitrado, dependendo do caso.","Sim, a pessoa jurídica que apresentou declaração com base no lucro presumido pode, após a entrega, pedir retificação para efeito de declarar pelo lucro real, pois a retificação da ECF não será admitida que tenha por objetivo mudança do regime de tributação, salvo para fins de adoção do lucro arbitrado, nos casos determinados pela legislação."
"A pessoa jurídica optante pelo lucro presumido que mantiver escrituração  regular e apurar lucro contábil poderá utilizá-lo como reserva livre para aumento  de capital, sem ônus tributário (voltando ou não à tributação pelo lucro real)?","Na hipótese de apuração de lucro contábil, a pessoa jurídica poderá utilizar o montante desse lucro como reserva livre para aumento de capital. Entretanto, não poderá utilizar a esse título todo o montante do lucro contábil, devendo dele diminuir o valor do imposto de renda apurado com base no lucro presumido, inclusive adicional, o valor das contribuições (CSLL, Cofins e PIS/Pasep), bem assim os valores que forem distribuídos a título de lucros ao seu titular, sócio ou acionista.","Sim, a pessoa jurídica optante pelo lucro presumido que mantiver escrituração regular e apurar lucro contábil pode utilizar o lucro contábil como reserva livre para aumento de capital, sem ônus tributário."
De quais incentivos fiscais do IRPJ as empresas que optarem pelo lucro  presumido poderão se utilizar?,Do imposto apurado com base no lucro presumido não é permitida qualquer dedução a título de incentivo fiscal.,Nenhum.
Como poderá ser compensado o imposto pago a maior no período de apuração?,"No caso em que o valor retido na fonte ou já pago pelo contribuinte for maior que o imposto devido no período de apuração trimestral, a diferença a maior poderá ser compensada com o imposto relativo aos períodos de apuração subsequentes. ","A diferença poderá ser utilizada na compensação de débitos próprios, nos termos estabelecidos no art. 940."
O que poderá acontecer à pessoa jurídica que optar indevidamente ou deixar de  cumprir alguma das condições estabelecidas para opção pelo lucro presumido?,"Inicialmente será verificada a possibilidade de apuração da base de cálculo do imposto de renda pelo lucro real, caso a empresa mantenha escrituração regular com base nas leis comerciais e fiscais. Na impossibilidade de adoção de tal procedimento, deverá ser arbitrado o lucro da pessoa jurídica no respectivo período de apuração.","O imposto sobre a renda, devido trimestralmente, será determinado com base nos critérios do lucro arbitrado."
Como será manifestada pelo contribuinte a tributação com base no lucro  arbitrado?,"A tributação com base no lucro arbitrado será manifestada mediante o pagamento da primeira quota ou da quota única do imposto devido, correspondente ao período de apuração trimestral em que o contribuinte, conhecendo sua receita bruta, verificou que incidiu em uma das hipóteses que ensejam o arbitramento de seu lucro.",A apuração com base no lucro arbitrado abrangerá todo o ano-calendário.
"Em caso de arbitramento do lucro, ficam as pessoas jurídicas dispensadas das  penalidades e da comprovação da origem das receitas recebidas?","Não. Mesmo sendo tributadas com base no lucro arbitrado, persiste a obrigatoriedade de comprovação das receitas efetivamente recebidas ou auferidas. O arbitramento de lucro é uma forma de apuração da base de cálculo do imposto, e não uma sanção. Assim, sua utilização não afasta a aplicação das penalidades cabíveis, como as decorrentes do descumprimento da legislação tributária em relação às obrigações acessórias.",Não.
Como a pessoa jurídica que apura o Imposto sobre a Renda com base na  estimativa de lucro mensal pode compensar o imposto pago indevidamente ou  a maior em relação ao apurado com base na estimativa de lucro no respectivo  mês?,"Os valores do IRPJ e da CSLL pagos e que excederem os apurados com base na estimativa de lucro no respectivo mês somente podem ser utilizados no final do período de apuração em que houve o pagamento indevido ou maior que o devido para: a) dedução do IRPJ ou da CSLL; b) ou compor o saldo negativo de IRPJ ou de CSLL. No caso de pagamento calculado com base na estimativa de lucro mensal, o final do período de apuração é, em regra, 31 de dezembro. Excepcionalmente, no caso de pessoas jurídicas submetidas aos seguintes eventos, o final do período de apuração será a data do evento: a) incorporação, fusão ou cisão; b) extinção da pessoa jurídica, pelo encerramento da liquidação.",A pessoa jurídica que apura o Imposto sobre a Renda com base na estimativa de lucro mensal pode compensar o imposto pago indevidamente ou a maior em relação ao apurado com base na estimativa de lucro no respectivo mês utilizando o valor retido somente na dedução do IRPJ ou da CSLL devidos ao final do período de apuração em que houve a retenção.
"Como a pessoa jurídica que apura o IRPJ com base na estimativa de lucro mensal  pode compensar o Imposto sobre a Renda Retido na Fonte (IRRF), retido  indevidamente ou a maior que o devido?","Os valores do IRRF e da CSLL retidos na fonte e que excederem os apurados com base na estimativa de lucro no respectivo mês somente podem ser utilizados no final do período de apuração em que houve a retenção para: a) dedução do IRPJ ou da CSLL; b) ou compor o saldo negativo de IRPJ ou de CSLL. No caso de pagamento calculado com base na estimativa de lucro mensal, o final do período de apuração é, em regra, 31 de dezembro. Excepcionalmente, no caso de pessoas jurídicas submetidas aos seguintes eventos, o final do período de apuração será a data do evento: a) incorporação, fusão ou cisão; b) extinção da pessoa jurídica, pelo encerramento da liquidação.",A pessoa jurídica que apura o IRPJ com base na estimativa de lucro mensal pode compensar o Imposto sobre a Renda Retido na Fonte (IRRF) retido indevidamente ou a maior que o devido apenas na dedução do IRPJ ou da CSLL devidos ao final do período de apuração em que houve a retenção ou para compor o saldo negativo de IRPJ ou de CSLL do período.
A base de cálculo negativa da CSLL poderá ser compensada com resultados  apurados em períodos subsequentes?,"Sim. A base de cálculo da CSLL, quando negativa, poderá ser compensada até o limite de 30% dos resultados apurados em períodos subsequentes, ajustados pelas adições e exclusões previstas na legislação.","Sim, a base de cálculo negativa da CSLL poderá ser compensada com resultados apurados em períodos subsequentes."
Os rendimentos e ganhos de capital auferidos no exterior sujeitam-se à  incidência da CSLL?,"Sim. O art. 21 da MP nº 2.158-35, de 2001, determina que os lucros, rendimentos e ganhos de capital auferidos no exterior ficam sujeitos à incidência da CSLL, observadas as normas de tributação universal. O parágrafo único do mencionado artigo, por seu turno, preconiza que o saldo do imposto de renda pago no exterior, que exceder o valor compensável com o IRPJ devido no Brasil, poderá ser compensado com a CSLL devida em virtude da adição, à sua base de cálculo, dos lucros oriundos do exterior, até o limite acrescido em decorrência dessa adição.","Sim, os rendimentos e ganhos de capital auferidos no exterior sujeitam-se à incidência da CSLL."
O registro da CSLL como despesa afetará o cálculo do lucro da exploração?,"A CSLL será adicionada ao lucro líquido do período de apuração, antes da provisão para o imposto de renda, para efeito de determinação do lucro da exploração, que servirá de base de cálculo de incentivos fiscais.","Sim, o registro da CSLL como despesa afetará o cálculo do lucro da exploração."
"O valor correspondente à CSLL será considerado como despesa dedutível, para  efeito de determinação do lucro real?","Não. O valor da CSLL não pode ser deduzido para efeito da determinação do lucro real, nem da sua própria base de cálculo. O valor da CSLL que for considerado como custo ou despesa deverá ser adicionado ao lucro líquido para efeito de determinação do lucro real.",Não.
Quais as pessoas jurídicas que têm seu ingresso permitido nas sociedades  cooperativas?,Em situações específicas é possível o ingresso de pessoa jurídica nas sociedades cooperativas de pescas e nas cooperativas constituídas por produtores rurais ou extrativistas que pratiquem as mesmas atividades econômicas das pessoas físicas associadas. ,"As pessoas jurídicas que têm seu ingresso permitido nas sociedades cooperativas são as seguintes: pessoas jurídicas que pratiquem as mesmas atividades econômicas das pessoas físicas associadas, pessoas jurídicas que se localizem na respectiva área de operações e cooperativas de pesca e constituídas por produtores rurais ou extrativistas."
"Se o sujeito passivo não atender, no prazo estipulado, à intimação para prestar  esclarecimentos, apresentar os arquivos ou sistemas de que tratam os arts. 11 a  13 da Lei 8.218/91 ou a documentação técnica de que trata o art. 38 da Lei  9.430/96, quais são os percentuais de multa a serem aplicados?","Nesse caso caberá multa de ofício de 112,5% se o sujeito, além de não ter atendido à intimação, não pagou o débito ou não apresentou declaração. Ou de 225% se o sujeito, além dos motivos que ensejariam a aplicação da multa de 112,5%, incorrer também em crime contra a ordem tributária, de sonegação, fraude ou conluio. Esses percentuais correspondem à multa de 75% (Lei 9.430, art. 44, I) aumentada de 50% (75% x 1,5 = 112,5%), ou à multa de 150% (Lei 9.430, art. 44, § 1º) aumentada de 50% (150% x 1,5 = 225%).","Os percentuais de multa a serem aplicados são aumentados de metade, ou seja, 112,5% (setenta e cinco por cento) sobre a totalidade ou diferença de imposto ou contribuição nos casos de não atendimento pela sujeito passivo, no prazo marcado, de intimação para prestar esclarecimentos, apresentar os arquivos ou sistemas de que tratam os arts. 11 a 13 da Lei no 8.218, de 29 de agosto de 1991, ou a documentação técnica de que trata o art. 38 da Lei no 9.430, de 1996."
"Qual o regime de tributação da pessoa jurídica que auferir lucros, rendimentos  e ganhos de capital do exterior?","A pessoa jurídica que auferir lucros, rendimentos ou ganhos de capital do exterior fica obrigada à tributação com base no lucro real, a partir, inclusive, do trimestre de sua ocorrência.","A pessoa jurídica que auferir lucros, rendimentos e ganhos de capital do exterior está obrigada à apuração do lucro real."
"Se o contribuinte for optante do lucro presumido e, em algum período auferir  lucros, rendimentos e ganhos de capital do exterior?","A pessoa jurídica que houver pago o imposto com base no lucro presumido e que, em relação ao mesmo ano-calendário, incorrer em situação de obrigatoriedade de apuração pelo lucro real por ter auferido lucros, rendimentos ou ganhos de capital oriundos do exterior, deverá apurar o imposto sobre a renda de pessoa jurídica (IRPJ) e a contribuição social sobre o lucro líquido (CSLL) sob o regime de apuração pelo lucro real trimestral a partir, inclusive, do trimestre da ocorrência do fato. 555","Sim, o contribuinte que for optante do lucro presumido e, em algum período, auferir lucros, rendimentos e ganhos de capital do exterior, deverá apurar o imposto sobre a renda de pessoa jurídica (IRPJ) e a contribuição social sobre o lucro líquido (CSLL) sob o regime de apuração pelo lucro real trimestral a partir, inclusive, do trimestre da ocorrência do fato."
Como serão tributados no Brasil os lucros auferidos no exterior por intermédio  de filiais e sucursais da pessoa jurídica no Brasil?,"Para fins de apuração do lucro real e da base de cálculo da CSLL, os lucros auferidos por filiais e sucursais no exterior serão adicionados integralmente ao lucro líquido da pessoa jurídica no Brasil em 31 de dezembro do ano-calendário em que tiverem sido disponibilizados.",Os lucros auferidos no exterior por intermédio de filiais e sucursais da pessoa jurídica no Brasil serão computados para fins de determinação do lucro real e da base de cálculo da CSLL no balanço levantado em 31 de dezembro do ano-calendário em que tiverem sido disponibilizados para a pessoa jurídica domiciliada no Brasil.
Quando se consideram disponibilizados os lucros auferidos no exterior por  intermédio filiais e sucursais da pessoa jurídica?,Consideram-se disponibilizados na data do balanço no qual tiverem sido apurados.,Os lucros auferidos no exterior por intermédio de filiais ou sucursais são considerados disponibilizados para a pessoa jurídica domiciliada no Brasil na data do balanço no qual tiverem sido apurados.
Os resultados auferidos por filiais e sucursais podem ser consolidados?,"Desde que as filiais e sucursais sejam domiciliadas num mesmo país, e, tendo a matriz no Brasil indicado uma dessas filiais ou sucursais como entidade líder, os resultados poderão ser consolidados por país, e os prejuízos de uma poderão ser compensados com os lucros da outra.","Sim, os resultados auferidos por filiais e sucursais podem ser consolidados por país, desde que a matriz no Brasil indique uma dessas filiais ou sucursais como entidade líder."
"Como deverão ser convertidos os lucros auferidos no exterior por intermédio de  filiais, sucursais, controladas ou coligadas?","Os lucros auferidos no exterior por intermédio de filiais, sucursais, controladas ou coligadas serão convertidos em Reais pela taxa de câmbio, para venda, do dia das demonstrações financeiras em que tenham sido apurados os correspondentes lucros.","A parcela do ajuste e resultados determinados em moeda estrangeira devem ser convertidos em Reais com base na taxa de câmbio da moeda do país de origem fixada para venda, pelo Banco Central do Brasil, correspondente a data do levantamento de balanço da controlada direta ou indireta."
"Como deve ser apurado o limite admitido de compensação do tributo pago no  exterior sobre lucros auferidos por meio de controladas, coligadas, filiais ou  sucursais?","A pessoa jurídica deverá calcular o valor: a) do imposto pago no exterior, correspondente aos lucros de cada filial, sucursal, controlada ou coligada, bem assim aos rendimentos e ganhos de capital, que foram computados na determinação do lucro real; b) do imposto sobre a renda e CSLL devidos sobre o lucro real antes e após a inclusão dos lucros auferidos no exterior. O imposto, passível de compensação, não poderá exceder o valor determinado na letra “a” anterior, nem à diferença positiva entre os valores calculados sobre o lucro real com e sem a inclusão dos referidos lucros, rendimentos ou ganhos de capital auferidos no exterior e referidos na letra “b”.","O tributo pago no exterior sobre lucros auferidos por meio de controladas, coligadas, filiais ou sucursais será apurado individualizadamente por cada uma dessas entidades, considerando o valor efetivamente pago e não permitindo o aproveitamento de crédito de tributo decorrente de qualquer benefício fiscal."
"Em que momento deve ser tributado o lucro gerado por uma empresa  estrangeira, classificada pela legislação brasileira como coligada ou porfólio de  investimento sem influência nem relevância, cuja participação societária seja  detida por uma por controlada direta ou indireta da controladora brasileira?","Os lucros gerados por empresas tidas como coligadas das controladas diretas ou indiretas ou como participações em empresas de portfólio, detidas por controlada direta ou indireta domiciliadas no exterior, serão tributados pela controladora brasileira quando forem reconhecidos no balanço da controlada direta ou indireta, segundo a legislação comercial de sua jurisdição.","O lucro gerado por uma empresa estrangeira, classificada pela legislação brasileira como coligada ou porfólio de investimento sem influência nem relevância, cuja participação societária seja detida por uma empresa controlada direta ou indireta da controladora brasileira, deve ser tributado no momento em que os lucros forem apurados pela pessoa jurídica investida domiciliada no exterior."
A variação cambial acrescida aos juros calculados com base na taxa LIBOR são  considerados dedutíveis na apuração do lucro real?,"Sim, uma vez que a referida variação cambial é um componente dos juros para o pagamento do imposto de renda diferido relativo aos lucros auferidos no exterior.","Sim, os juros calculados conforme o § 3º, incluindo a variação cambial, são dedutíveis na apuração do lucro real e da base de cálculo da CSLL."
"Dos resultados das controladas diretas ou indiretas no exterior não devem  constar os resultados auferidos por outra pessoa jurídica sobre a qual a  controladora brasileira mantenha o controle direto ou indireto. Esta regra se  aplica também para a apuração do estoque de prejuízos anteriores a  01/01/2015, passiveis de compensação com lucros futuros para efeitos de  tributação no Brasil?","Em obediência à uniformidade de critério, na falta de ressalva em Lei, dos prejuízos contábeis anteriores a 2015 não devem constar resultados (lucros ou prejuízos) originados da participação em outra pessoa jurídica sobre a qual a controladora brasileira mantenha controle direto ou indireto.","Sim, esta regra se aplica também para a apuração do estoque de prejuízos anteriores a 01/01/2015, passíveis de compensação com lucros futuros para efeitos de tributação no Brasil."
Qual é o valor da parcela do investimento referente ao lucro ou prejuízo de  investimento no exterior que deve ser registrada na subconta de investimento?,"O valor a ser registrado na subconta de investimento é o equivalente aos lucros ou prejuízos antes da tributação no exterior sobre tais lucros ou prejuízos, assim entendido como o lucro ou prejuízo antes dos tributos sobre a renda, sejam correntes e/ou diferidos.","A parcela do ajuste do valor do investimento equivalente aos lucros auferidos pela controlada, direta ou indireta, antes da tributação no exterior sobre o lucro."
"Nos casos em que o ajuste de preço de transferência/subcapitalização é maior  que o valor do lucro auferidos no exterior, será possível “carregar” para os anos  subsequentes o valor residual do ajuste que não foi deduzido da base de IR/CSLL  no ano que foi apurado? Em caso negativo, como remover o efeito de ""dupla  tributação"" sobre a parcela do ajuste que excede o valor dos lucros?","A dedução é limitada ao valor do lucro auferido no exterior pela controlada, não havendo previsão legal, para o aproveitamento de excedente em anos posteriores.","Não será possível ""carregar"" para os anos subsequentes o valor residual do ajuste que não foi deduzido da base de IR/CSLL no ano que foi apurado."
"Quais os limites aplicáveis, para a pessoa jurídica domiciliada no Brasil, nos casos  de endividamento quando o credor for pessoa física ou jurídica residente,  domiciliada ou constituída no exterior, em país ou dependência com tributação  favorecida ou sob regime fiscal privilegiado?","No caso de credor, pessoa física ou jurídica, residente, domiciliada ou constituída no exterior, em país ou dependência com tributação favorecida ou sob regime fiscal privilegiado, tanto o limite individual quanto o limite global de endividamento (somatório dos endividamentos com todas as entidades situadas naqueles países) estão limitados a 30% do valor do patrimônio líquido da pessoa jurídica residente no Brasil.","O limite aplicável para a pessoa jurídica domiciliada no Brasil, nos casos de endividamento quando o credor for pessoa física ou jurídica residente, domiciliada ou constituída no exterior, em país ou dependência com tributação favorecida ou sob regime fiscal privilegiado, é de 30% (trinta por cento) do valor do patrimônio líquido da pessoa jurídica residente no Brasil."
Em quais hipóteses existe a possibilidade de apropriação de créditos presumidos  da Contribuição para o PIS/Pasep e da Cofins relativos a selo de controle e  equipamentos de controle de produção?,"As pessoas jurídicas obrigadas pela RFB à utilização do selo de controle de que trata o art. 46 da Lei nº 4.502, de 30 de novembro de 1964; e dos equipamentos contadores de produção de que tratam os arts. 27 a 30 da Lei nº 11.488, de 2007, e o art. 58-T da Lei nº 10.833, de 2003, poderão deduzir da Contribuição para o PIS/PASEP ou da COFINS devidas em cada período de apuração, crédito presumido correspondente à taxa de que trata o art. 13 da Lei nº 12.995, de 2014, efetivamente paga no mesmo período",Existem hipóteses de apropriação de créditos presumidos da Contribuição para o PIS/Pasep e da Cofins relativos a selo de controle e equipamentos de controle de produção quando se tratar de operações de alienação de bens ou serviços realizadas por contribuintes que não tenham efetivamente utilizado os referidos créditos.
"De que forma devem ser apurados e registrados os créditos do art. 3º da Lei nº  10.637, de 2002, do art. 3º da Lei nº 10.833, de 2003, e do arts. 15 e 17 da Lei nº  10.865, de 2004, e os demais créditos presumidos da Contribuição para o  PIS/Pasep e da Cofins?","As pessoas jurídicas submetidas ao regime de apuração não cumulativa deverão apurar e registrar, de forma segregada, os créditos de que tratam o art. 3º da Lei nº 10.637, de 2002, o art. 3º da Lei nº 10.833, de 2003, e os arts. 15 e 17 da Lei nº 10.865, de 2004, e os créditos presumidos previstos nas Leis da Contribuição para o PIS/Pasep e da Cofins, discriminando-os em função da natureza, origem e vinculação desses créditos, observadas as normas editadas pela Secretaria da Receita Federal do Brasil.","As pessoas jurídicas submetidas ao regime de apuração não cumulativa devem apurar e registrar, de forma segregada, os créditos de que tratam os artigos mencionados, discriminando-os em função da natureza, origem e vinculação desses créditos, observadas as normas a serem editadas pela Secretaria da Receita Federal do Brasil."
Quais as exclusões admitidas para efeito de apuração da base de cálculo da  Contribuição para o PIS/Pasep e da Cofins devidas pelas sociedades cooperativas  de rádio táxi?,"Além das exclusões admitidas para as sociedades cooperativas em geral, as sociedades cooperativas de rádio táxi podem ainda excluir da base de cálculo: 1) os valores repassados aos associados pessoas físicas decorrentes de serviços por eles prestados em nome da cooperativa; 2) as receitas de vendas de bens, mercadorias e serviços a associados, quando adquiridos de pessoas físicas não associadas; e 3) as receitas financeiras decorrentes de repasses de empréstimos a associados, contraídos de instituições financeiras, até o limite dos encargos a estas devidos. ","As exclusões admitidas para efeito de apuração da base de cálculo da Contribuição para o PIS/Pasep e da Cofins devidas pelas sociedades cooperativas de rádio táxi são: os valores repassados aos associados pessoas físicas decorrentes de serviços por eles prestados em nome da cooperativa; as receitas de vendas de bens, mercadorias e serviços a associados, quando adquiridos de pessoas físicas não associadas; e as receitas financeiras decorrentes de repasses de empréstimos a associados, contraídos de instituições financeiras, até o limite dos encargos a estas devidos."
"Considerando que todas as informações de interesse do fisco estão disponíveis  no SPED, a empresa vai poder eliminar os documentos físicos (em papel) que  serviram de base para a escrituração contábil e fiscal?","Todos os documentos em papel (notas fiscais, contratos, recibos, etc.) que dão suporte aos respectivos lançamentos contábeis e fiscais devem ser mantidos pelo prazo previsto nas legislações comercial e fiscal.",Não.
"Na ocorrência da adoção de novo método ou critério contábil, os contribuintes  já estão autorizados a fazer os referidos ajustes na apuração do lucro real, da  base de cálculo da CSLL, da COFINS e do PIS, até que a lei tributária regule a  matéria? Ou o contribuinte precisa de uma norma da RFB autorizando efetuar  tais ajustes?","Não. Quando houver modificação ou adoção de novo método ou critério contábil por meio de ato administrativo emitido com base em competência atribuída em lei comercial, a Secretaria Especial da Receita Federal do Brasil irá dispor sobre os procedimentos para anular os efeitos desses atos.",Não.
O controle por subcontas na adoção inicial se aplica aos ativos e passivos  relativos aos contratos de arrendamento mercantil nos quais haja  transferência substancial dos riscos e benefícios inerentes à propriedade do  bem em curso na data da adoção inicial?,"Não. Para os ativos e passivos relativos aos contratos de arrendamento mercantil em curso na data da adoção inicial, nos quais haja transferência substancial dos riscos e benefícios inerentes à propriedade do bem arrendado, não se aplica o controle por subcontas de que tratam os arts. 294 a 300 da Instrução Normativa RFB n° 1.700, de 2017. O disposto acima aplica-se, inclusive, aos contratos não tipificados como arrendamento mercantil que contenham elementos contabilizados como arrendamento mercantil por força de normas contábeis e da legislação comercial. A partir da data da adoção inicial, deverá ser observado o tratamento tributário previsto nos arts. 172 a 177 da Instrução Normativa RFB n° 1.700, de 2017.",Não se aplica.
O contribuinte pode efetuar a exclusão da diferença negativa entre o saldo do  ativo diferido registrado na contabilidade societária e no FCONT?,"A diferença negativa verificada na data da adoção inicial entre o valor de ativo diferido na contabilidade societária e no FCONT somente poderá ser excluída se o contribuinte evidenciar essa diferença em subconta vinculada ao ativo. A diferença poderá ser controlada de duas formas: 1) por meio da utilização de uma única subconta, sendo o lançamento a crédito na subconta e a débito na conta de ativo diferido; 2) por meio da utilização de 2 (duas) subcontas, sendo o lançamento a crédito na subconta vinculada ao ativo diferido e a débito em uma subconta auxiliar à subconta vinculada ao ativo. A diferença poderá ser excluída em cada período de apuração proporcionalmente à parcela equivalente à amortização do ativo diferido de acordo com as normas e critérios tributários vigentes em 31 de dezembro de 2007. No caso de ativo diferido não reconhecido na data da adoção inicial na contabilidade societária, mas reconhecido no FCONT, a diferença deverá ser controlada na Parte B do e-Lalur e do e-Lacs.","Sim, o contribuinte pode efetuar a exclusão da diferença negativa entre o saldo do ativo diferido registrado na contabilidade societária e no FCONT, desde que evidencie contabilmente essa diferença em subconta vinculada ao ativo, obedecidas as condições estabelecidas nos §§ 1º a 5º ou 6º e 7º do art. 298."
Qual deve ser o procedimento adotado pelo contribuinte no caso de contrato  de concessão de serviços públicos na adoção inicial?,"No caso de contrato de concessão de serviços públicos, o contribuinte deverá: 1) calcular o resultado tributável do contrato de concessão acumulado até a data da adoção inicial, considerando os métodos e critérios vigentes em 31 de dezembro de 2007; 2) calcular o resultado tributável do contrato de concessão acumulado até a data da adoção inicial, considerando as disposições da Instrução Normativa RFB nº 1.700/2017 e da Lei nº 6.404, de 1976; 3) calcular a diferença entre os valores referidos nos itens 1 e 2 acima, que deverá ser controlada na Parte B do e-Lalur e do e-Lacs; e 4) adicionar, se negativa, ou excluir, se positiva, a diferença referida no item 3 acima na apuração do lucro real e do resultado ajustado em quotas fixas mensais durante o prazo restante de vigência do contrato. O contribuinte deverá conservar os documentos comprobatórios da diferença enquanto os períodos de apuração abrangidos pelo contrato estiverem sujeitos a verificação por parte da Secretaria Especial da Receita Federal do Brasil. 774","O contribuinte deve calcular o resultado tributável do contrato de concessão acumulado até a data da adoção inicial, considerando os métodos e critérios vigentes em 31 de dezembro de 2007, e também considerando as disposições desta Instrução Normativa e da Lei nº 6.404, de 1976."
Quais são os níveis de detalhamento e as características das subcontas?,"As subcontas serão analíticas e registrarão os lançamentos contábeis das diferenças em último nível. Cada subconta deve se referir a apenas uma única conta de ativo ou passivo, e cada conta de ativo ou passivo referir-se-á a apenas uma subconta. O conjunto de contas formado pela conta analítica do ativo ou passivo e as subcontas correlatas receberá identificação única, que não poderá ser alterada até o encerramento contábil das subcontas.",As subcontas serão analíticas e registrarão os lançamentos contábeis das diferenças em último nível.
Qual deve ser o procedimento adotado na criação de subcontas no caso de  ativos ou passivos representados por mais de uma conta?,"No caso de ativos ou passivos representados por mais de uma conta (ex: bens depreciáveis), o controle das diferenças deverá ser feito com a utilização de uma subconta para cada conta, exceto se o contribuinte optar pela utilização de subcontas auxiliares, conforme previsto nos §§ 6° e 7° do art. 295, §§ 4° e 5° do art. 296, §§ 6° e 7° do art. 298 e §§ 4° e 5° do art. 299 da Instrução Normativa RFB n° 1.700, de 2017, hipótese em que haverá somente uma subconta vinculada ao ativo acompanhada de uma subconta auxiliar.","No caso de ativos ou passivos representados por mais de uma conta, o controle das diferenças deve ser feito com a utilização de uma subconta para cada conta."
O que deve ser entendido por contabilidade societária e como ela é  apresentada?,"A contabilidade societária é apresentada por meio da Escrituração Contábil Digital (ECD) no caso de pessoa jurídica que a tenha adotado nos termos da Instrução Normativa RFB nº 2.003, de 18 de janeiro de 2021. Na contabilidade societária, os ativos e passivos estarão mensurados de acordo com as disposições da Lei nº 6.404, de 1976, considerando as alterações introduzidas pela Lei n° 11.638/07 e pela Lei n° 11.941/09.",A contabilidade societária é apresentada por meio da ECD.
Onde estavam representados os ativos e passivos mensurados de acordo com  os métodos e critérios vigentes em 31 de dezembro de 2007 durante a vigência  do RTT? Como era gerado o FCONT?,"Esses ativos e passivos estavam no Controle Fiscal Contábil de Transição (FCONT) de que tratam os arts. 7º e 8º da Instrução Normativa RFB nº 949, de 2009. O FCONT era gerado a partir da contabilidade societária, expurgando e inserindo os lançamentos informados no Programa Validador e Assinador da Entrada de Dados para o Controle Fiscal Contábil de Transição de que trata a Instrução Normativa RFB nº 967, de 2009 (e alterações).","Os ativos e passivos estavam representados na contabilidade societária. O FCONT é gerado a partir da contabilidade societária, expurgando e inserindo os lançamentos informados no Programa Validador e Assinador da Entrada de Dados para o Controle Fiscal Contábil de Transição."
"As disposições contidas na Instrução Normativa SRF nº 11, de 10 de fevereiro  de 1999, eram aplicadas somente às operações de incorporação, fusão e cisão,  ocorridas até 31 de dezembro de 2017, cuja participação societária tenha sido  adquirida até 31 de dezembro de 2014, desde que o processo de aquisição  tenha sido iniciado até 31 de dezembro de 2014. Neste sentido, o que pode ser  entendido como início do processo de aquisição?",O pedido de aprovação da aquisição junto ao órgão regulador ou fiscalizador deve ter sido protocolizado até 31 de dezembro de 2014.,"O início do processo de aquisição pode ser entendido como a data em que a aprovação da aquisição foi feita pelo órgão regulador ou fiscalizador, ou a data em que o processo de aquisição foi iniciado até 31 de dezembro de 2014."
"Qual será o resultado tributável quando da alienação de bem objeto de  arrendamento mercantil, na hipótese em que o valor contábil do bem já tiver  sido computado na determinação do lucro real e do resultado ajustado pela  arrendatária a título de contraprestação de arrendamento mercantil?","Quando o valor contábil do bem já tiver sido computado na determinação do lucro real e do resultado ajustado pela arrendatária, a título de contraprestação de arrendamento mercantil, o resultado tributável na alienação de bem ou direito corresponderá ao respectivo valor da alienação.",O resultado tributável será o respectivo valor da alienação.
"Qual o tratamento aplicável, em relação ao ganho de capital, aos contratos não  tipificados como arrendamento mercantil e que contenham elementos  contabilizados como arrendamento mercantil por força de normas contábeis e  da legislação comercial?","Em relação aos contratos não tipificados como arrendamento mercantil que contenham elementos contabilizados como arrendamento mercantil por força de normas contábeis e da legislação comercial, a determinação do ganho ou perda de capital de bens ou direitos que tenham sido objeto de arrendamento mercantil terá por base o valor contábil do bem, assim entendido o que estiver registrado na escrituração do contribuinte, diminuído, se for o caso, da depreciação, amortização ou exaustão acumulada e das perdas estimadas no valor de ativos. O disposto acima não se aplica quando o valor contábil do bem já tiver sido computado na determinação do lucro real e do resultado ajustado pela arrendatária, a título de contraprestação de arrendamento mercantil. Neste caso, o resultado tributável da alienação corresponderá ao respectivo valor da alienação.","O tratamento aplicável, em relação ao ganho de capital, aos contratos não tipificados como arrendamento mercantil e que contenham elementos contabilizados como arrendamento mercantil por força de normas contábeis e da legislação comercial é o mesmo previsto no Art. 177."
"O que deve ser considerado como ""contraprestações creditadas""?","Para efeito do disposto no art. 175 da Instrução Normativa RFB nº 1.700, de 2017, consideram-se contraprestações creditadas as contraprestações vencidas.",As contraprestações vencidas.
"O que é “despesa financeira” considerada nas contraprestações pagas ou  creditadas, a que se refere o inciso I do art. 175 da IN RFB nº 1.700, de 2017?","São os encargos financeiros, incluindo-se os juros decorrentes do ajuste a valor presente.",Os juros computados no valor da contraprestação de arrendamento mercantil.
"Em relação às operações de arrendamento mercantil, é necessária  evidenciação em subconta?",No caso de bem objeto de arrendamento mercantil financeiro não é necessário que a arrendatária evidencie em subconta vinculada ao bem arrendado os juros decorrentes do ajuste a valor presente relativo ao contrato de arrendamento mercantil.,Não é necessária a evidenciação em subconta.
"Descaracterizada a operação de arrendamento mercantil financeiro, como será  determinado o preço de compra e venda?","O preço de compra e venda será o total das contraprestações pagas durante a vigência do arrendamento, acrescido da parcela paga a título de preço de aquisição. ","O preço de compra e venda será o total das contraprestações pagas durante a vigência do arrendamento, acrescido da parcela paga a título de preço de aquisição."
"Como deverão ser tratados os custos ou despesas operacionais pela  adquirente, na hipótese de descaracterização da operação de arrendamento  mercantil? Adicionalmente, como deverão ser tratados os eventuais tributos  não recolhidos?","As importâncias já deduzidas, como custo ou despesa operacional pela adquirente, acrescerão ao lucro tributável, no período de apuração correspondente à respectiva dedução. Adicionalmente, os tributos não recolhidos serão devidos com acréscimos previstos na legislação vigente.",Os custos ou despesas operacionais pela adquirente serão acrescidos ao lucro tributável no período de apuração correspondente à respectiva dedução.
"Quais valores devem ser computados na determinação da base de cálculo do  PIS e da COFINS, em operação de arrendamento mercantil, na pessoa jurídica  arrendadora?","A pessoa jurídica arrendadora deverá computar na apuração da base de cálculo da Contribuição para o PIS/Pasep e da COFINS, o valor da contraprestação de arrendamento mercantil, independentemente de na operação haver transferência substancial dos riscos e benefícios inerentes à propriedade do ativo.","O valor da contraprestação de arrendamento mercantil deve ser computado na apuração da base de cálculo da Contribuição para o PIS/Pasep e da Cofins, independentemente de na operação haver transferência substancial dos riscos e benefícios inerentes à propriedade do ativo."
"Qual o tratamento tributário dispensado à receita decorrente da venda de  bens classificados no grupo de ""ativo não circulante mantido para venda"",  quando pessoa jurídica sujeita ao regime não cumulativo?","Não integram a base de cálculo da Contribuição para o PIS/Pasep e da COFINS apurados no regime de incidência não-cumulativa a que se referem a Lei nº 10.637, de 2002, e a Lei nº 10.833, de 2003, as outras receitas, decorrentes da venda de bens do ativo não circulante, classificado como investimento, imobilizado ou intangível. Tal disposição se aplica inclusive no caso do bem ter sido reclassificado para o Ativo Circulante com intenção de venda, por força das normas contábeis e da legislação comercial.",Essa receita não integra a base de cálculo da Contribuição para o PIS/Pasep e da Cofins.
O ganho decorrente de avaliação de ativo com base no valor justo integrará a  base de cálculo estimada do IRPJ e da CSLL?,Não. A contrapartida do aumento no valor do ativo decorrente de avaliação com base no valor justo não integrará a base de cálculo estimada do IRPJ e da CSLL.,"Sim, o ganho decorrente de avaliação de ativo com base no valor justo não integrará a base de cálculo estimada do IRPJ e da CSLL."
O ganho decorrente de avaliação de ativo com base no valor justo integrará a  base de cálculo do lucro e resultado presumido?,"Não. A contrapartida do aumento no valor do ativo decorrente de avaliação com base no valor justo não integrará a base de cálculo do lucro e resultado presumido no período de apuração: I - relativo à avaliação com base no valor justo, caso seja registrado diretamente em conta de receita; ou II - em que seja reclassificado como receita, caso seja inicialmente registrado em conta de patrimônio líquido.",Não.
"Na apuração do ganho de capital na alienação de investimento, imobilizado ou  intangível a ser acrescido à base de cálculo do lucro e resultado presumido, o  aumento no valor do ativo decorrente de avaliação com base no valor justo  pode ser considerado como parte integrante do valor contábil?","Não, exceto se o ganho relativo à avaliação com base no valor justo tenha sido anteriormente computado na base de cálculo do tributo.",Não.
O ganho decorrente de avaliação de ativo com base no valor justo integrará a  base de cálculo do lucro e resultado arbitrado?,"Não. A contrapartida do aumento no valor do ativo decorrente de avaliação com base no valor justo não integrará as bases de cálculo do lucro e do resultado arbitrados no período de apuração: I - relativo à avaliação com base no valor justo, caso seja registrado diretamente em conta de receita; ou II - em que seja reclassificado como receita, caso seja inicialmente registrado em conta de patrimônio líquido.",Não.
"Na apuração do ganho de capital na alienação de investimento, imobilizado ou  intangível a ser acrescido à base de cálculo do lucro e do resultado arbitrado,  o aumento no valor do ativo decorrente de avaliação com base no valor justo  pode ser considerado como parte integrante do valor contábil?","Não, exceto se o ganho relativo à avaliação com base no valor justo tenha sido anteriormente computado na base de cálculo do tributo.",Não.
"Na hipótese em que o Banco Central do Brasil venha a modificar ou incorporar  novos dispositivos contábeis a serem aplicados pelas instituições financeiras e  demais entidades autorizadas a funcionar, como os impactos tributários  devem ser avaliados?","A modificação ou a adoção de métodos e critérios contábeis pelo Banco Central do Brasil não terá implicação na apuração dos tributos federais até que lei tributária regule a matéria, observado o disposto no art. 283 da Instrução Normativa RFB n° 1.700, de 2017.",A modificação ou adoção de métodos e critérios contábeis pelo Banco Central do Brasil não terá implicação na apuração dos tributos federais até que lei tributária regule a matéria.
"No que tange à elaboração da escrituração contábil citada na questão anterior,  quais requisitos deverão ser observados? Como tal escrituração será  formalizada para fins de fiscalização?","A escrituração contábil elaborada para atendimento à legislação tributária deverá conter todos os fatos contábeis do período de apuração, devendo ser elaborada em forma contábil e com a utilização do plano de contas da escrituração comercial. Os lançamentos realizados nesta escrituração contábil deverão, nos casos em que couber, manter correspondência com aqueles efetuados na escrituração comercial, inclusive no que se refere aos históricos. A escrituração contábil será transmitida ao Sped.","A escrituração contábil deve conter todos os fatos contábeis do período de apuração, ser elaborada em forma contábil e com a utilização do plano de contas da escrituração comercial. Além disso, os lançamentos realizados na escrituração contábil devem manter correspondência com aqueles efetuados na escrituração comercial, inclusive no que se refere aos históricos."
"Qual deve ser o tratamento tributário, para fins de determinação do lucro real  e do resultado ajustado, para pagamento baseado em ações? Em que  momento o pagamento baseado em ações poderá ser considerado dedutível?","O valor da remuneração dos serviços prestados por empregados ou similares, efetuada por meio de acordo com pagamento baseado em ações, deve ser adicionado ao lucro líquido para fins de apuração do lucro real e do resultado ajustado no período de apuração em que o custo ou a despesa forem apropriados. A remuneração dos serviços prestados por empregados ou similares, efetuada por meio de acordo com pagamento baseado em ações, será dedutível somente depois do pagamento, quando liquidados em caixa ou outro ativo, ou depois da transferência da propriedade definitiva das ações ou opções de ações, quando liquidados com instrumentos patrimoniais.","O valor da remuneração dos serviços prestados por empregados ou similares, efetuada por meio de acordo com pagamento baseado em ações, deve ser adicionado ao lucro líquido para fins de apuração do lucro real e do resultado ajustado no período de apuração em que o custo ou a despesa forem apropriados. O pagamento baseado em ações poderá ser considerado dedutível somente depois do pagamento, quando liquidados em caixa ou outro ativo, ou depois da transferência da propriedade definitiva das ações ou opções de ações, quando liquidados com instrumentos patrimoniais."
Qual o valor que deverá ser considerado para fins de exclusão na determinação  do lucro real e do resultado ajustado?,"O valor a ser excluído será: I - o efetivamente pago, quando a liquidação baseada em ação for efetuada em caixa ou outro ativo financeiro; ou II - o reconhecido no patrimônio líquido nos termos da legislação comercial, quando a liquidação for efetuada em instrumentos patrimoniais.","O valor a ser considerado para fins de exclusão na determinação do lucro real e do resultado ajustado é o efetivamente pago, quando a liquidação baseada em ação for efetuada em caixa ou outro ativo financeiro, ou o reconhecido no patrimônio líquido nos termos da legislação comercial, quando a liquidação for efetuada em instrumentos patrimoniais."
Como devem ser feitos os ajustes na determinação do lucro real e do resultado  ajustado no reconhecimento e na reversão da perda estimada do valor de  ativos?,"A perda estimada deverá ser adicionada na Parte A do e-Lalur e do e-Lacs no período de apuração em que for reconhecida, e registrada na Parte B para ser excluída quando da alienação ou baixa do ativo correspondente, ou na reversão contábil.","A perda estimada do valor de ativos deve ser deduzida do valor contábil do bem e adicionada na parte A do e-Lalur e do e-Lacs no período de apuração em que for reconhecida, e registrada na parte B para ser excluída."
Qual o tratamento tributário da reversão contábil da perda estimada no valor  do ativo?,As reversões das perdas por desvalorização de bens que foram objeto de redução ao valor recuperável de ativos não são computadas na apuração do lucro real e do resultado ajustado.,A reversão das perdas por desvalorização de bens que foram objeto de redução ao valor recuperável de ativos não é computada na apuração do IRPJ e da CSLL.
